{
  "mse": 0.2539907395839691,
  "mae": 0.4434025287628174,
  "rmse": 0.5039749145507812
}