{
  "loss": [
    0.6908289194107056,
    0.22333009541034698,
    0.10188348591327667,
    0.0454682894051075,
    0.019246244803071022,
    0.007494249381124973,
    0.0028213197365403175,
    0.0010172969195991755,
    0.00042938365368172526,
    0.0002647624060045928,
    0.00022429361706599593,
    0.0002166822087019682,
    0.00021422203280963004,
    0.0002093141811201349,
    0.00020620107534341514,
    0.00019769719801843166,
    0.00019706365128513426,
    0.00019303867884445935,
    0.00019908060494344682,
    0.00019687975873239338,
    0.00019547877309378237,
    0.00019003046327270567,
    0.0001914915774250403,
    0.00019486840756144375,
    0.0001916696783155203,
    0.00018833614012692124,
    0.00018895012908615172,
    0.00019378383876755834,
    0.00018948335491586477,
    0.0001847765379352495,
    0.0001853508729254827,
    0.00018240767531096935,
    0.0001824875216698274,
    0.00018288988212589175,
    0.0001767276116879657,
    0.00018083257600665092,
    0.00017651439702603966,
    0.00017977358947973698,
    0.00017062205006368458,
    0.00017306003428529948,
    0.00016861998301465064,
    0.00016892871644813567,
    0.00016415688151028007,
    0.00016088737174868584,
    0.00015103469195310026,
    0.00015209561388473958,
    0.00014904711861163378,
    0.00014627902419306338,
    0.00013856928853783756,
    0.0001359908637823537
  ],
  "val_loss": [
    0.016119010746479034,
    0.00588461896404624,
    0.0055283415131270885,
    0.004596823360770941,
    0.0035839725751429796,
    0.0043304660357534885,
    0.0037363518495112658,
    0.0038269339129328728,
    0.003685226198285818,
    0.0038754623383283615,
    0.0037870192900300026,
    0.0037998093757778406,
    0.003666333621367812,
    0.003649217775091529,
    0.0034920964390039444,
    0.0035205900203436613,
    0.0035032411105930805,
    0.0035304082557559013,
    0.0034955497831106186,
    0.003512636059895158,
    0.0035119270905852318,
    0.003491280134767294,
    0.0034608938731253147,
    0.003483237000182271,
    0.003487842157483101,
    0.0034673858899623156,
    0.0034169163554906845,
    0.003406958654522896,
    0.0034307343885302544,
    0.0033729432616382837,
    0.003357735462486744,
    0.00333776674233377,
    0.003305584192276001,
    0.003333848901093006,
    0.00328819639980793,
    0.0032519937958568335,
    0.0031802919693291187,
    0.0032498384825885296,
    0.00312700099311769,
    0.003132325829938054,
    0.0030688513070344925,
    0.0030360487289726734,
    0.0029493214096874,
    0.0029273228719830513,
    0.0028477166779339314,
    0.0027688166592270136,
    0.0027803839184343815,
    0.002651522634550929,
    0.0025627079885452986,
    0.0025257980450987816
  ],
  "mae": [
    0.6308743357658386,
    0.367673397064209,
    0.24747607111930847,
    0.16397899389266968,
    0.10580327361822128,
    0.06619280576705933,
    0.04068984091281891,
    0.024483373388648033,
    0.016071204096078873,
    0.012437679804861546,
    0.011261193081736565,
    0.011104779317975044,
    0.011003335006535053,
    0.010878022760152817,
    0.01070395577698946,
    0.010552826337516308,
    0.010516797192394733,
    0.010463101789355278,
    0.010544205084443092,
    0.010466249659657478,
    0.010460670106112957,
    0.010405815206468105,
    0.010392515920102596,
    0.010476530529558659,
    0.010395478457212448,
    0.010343591682612896,
    0.010231335647404194,
    0.010432198643684387,
    0.010243363678455353,
    0.010165898129343987,
    0.01020887866616249,
    0.01019774004817009,
    0.010140768252313137,
    0.010156804695725441,
    0.010006860829889774,
    0.010050700046122074,
    0.00996742770075798,
    0.010033859871327877,
    0.009753376245498657,
    0.009816608391702175,
    0.009709383361041546,
    0.009702431038022041,
    0.009596024639904499,
    0.009498138912022114,
    0.00922812893986702,
    0.009183771908283234,
    0.009216547012329102,
    0.009160786867141724,
    0.008788169361650944,
    0.008690900169312954
  ],
  "val_mae": [
    0.11779005080461502,
    0.06423697620630264,
    0.05710730701684952,
    0.05736363306641579,
    0.053625814616680145,
    0.060956649482250214,
    0.0580441877245903,
    0.058728206902742386,
    0.057694680988788605,
    0.059322651475667953,
    0.058560289442539215,
    0.058663059026002884,
    0.05753679946064949,
    0.05737190321087837,
    0.05600355565547943,
    0.05625615641474724,
    0.056105416268110275,
    0.056320566684007645,
    0.056022677570581436,
    0.056168489158153534,
    0.05615644529461861,
    0.05598343908786774,
    0.05571728199720383,
    0.055905140936374664,
    0.05594151094555855,
    0.05577429011464119,
    0.055320244282484055,
    0.05523720756173134,
    0.05544937774538994,
    0.054910771548748016,
    0.05477091670036316,
    0.05458366125822067,
    0.05429637059569359,
    0.054558947682380676,
    0.05414652079343796,
    0.05380045622587204,
    0.053133346140384674,
    0.05378618463873863,
    0.05263477936387062,
    0.05266327038407326,
    0.052073076367378235,
    0.05172991752624512,
    0.050901852548122406,
    0.050665389746427536,
    0.049877118319272995,
    0.049081895500421524,
    0.04918018728494644,
    0.04780574142932892,
    0.04685444012284279,
    0.04648921638727188
  ]
}